Student Id,Country Code,Enrolled Year,Age,Gender,Experienced,Course Code,Engagement Month,Engagement Year,Engagement Type
1,{countryCode: "CN", enrolledMonth: 3, enrolledYear: 2017, ageAtEnrollment: 47, gender: "U", previousProgrammingExperience=false},{courseCode: "JMC", engagementType: "Lecture 4", enrollmentMonth: 3, enrollmentYear: 2017}
1,{countryCode: "CN", enrolledMonth: 3, enrolledYear: 2017, ageAtEnrollment: 47, gender: "U", previousProgrammingExperience=false},{courseCode: "PYMC", engagementType: "Lecture 9", enrollmentMonth: 3, enrollmentYear: 2017}
2,{countryCode: "CN", enrolledMonth: 3, enrolledYear: 2019, ageAtEnrollment: 80, gender: "F", previousProgrammingExperience=false},{courseCode: "JMC", engagementType: "Lecture 1", enrollmentMonth: 3, enrollmentYear: 2019}
2,{countryCode: "CN", enrolledMonth: 3, enrolledYear: 2019, ageAtEnrollment: 80, gender: "F", previousProgrammingExperience=false},{courseCode: "PYMC", engagementType: "Lecture 1", enrollmentMonth: 3, enrollmentYear: 2019}
3,{countryCode: "AU", enrolledMonth: 12, enrolledYear: 2019, ageAtEnrollment: 26, gender: "M", previousProgrammingExperience=false},{courseCode: "JMC", engagementType: "Lecture 7", enrollmentMonth: 12, enrollmentYear: 2019}
3,{countryCode: "AU", enrolledMonth: 12, enrolledYear: 2019, ageAtEnrollment: 26, gender: "M", previousProgrammingExperience=false},{courseCode: "PYMC", engagementType: "Lecture 13", enrollmentMonth: 12, enrollmentYear: 2019}
4,{countryCode: "US", enrolledMonth: 12, enrolledYear: 2017, ageAtEnrollment: 83, gender: "U", previousProgrammingExperience=false},{courseCode: "JMC", engagementType: "Lecture 13", enrollmentMonth: 12, enrollmentYear: 2017}
4,{countryCode: "US", enrolledMonth: 12, enrolledYear: 2017, ageAtEnrollment: 83, gender: "U", previousProgrammingExperience=false},{courseCode: "PYMC", engagementType: "Lecture 6", enrollmentMonth: 12, enrollmentYear: 2017}
5,{countryCode: "US", enrolledMonth: 1, enrolledYear: 2020, ageAtEnrollment: 38, gender: "M", previousProgrammingExperience=false},{courseCode: "JMC", engagementType: "Lecture 10", enrollmentMonth: 1, enrollmentYear: 2020}
5,{countryCode: "US", enrolledMonth: 1, enrolledYear: 2020, ageAtEnrollment: 38, gender: "M", previousProgrammingExperience=false},{courseCode: "PYMC", engagementType: "Lecture 6", enrollmentMonth: 1, enrollmentYear: 2020}
6,{countryCode: "IN", enrolledMonth: 11, enrolledYear: 2020, ageAtEnrollment: 88, gender: "M", previousProgrammingExperience=false},{courseCode: "JMC", engagementType: "Lecture 12", enrollmentMonth: 11, enrollmentYear: 2020}
6,{countryCode: "IN", enrolledMonth: 11, enrolledYear: 2020, ageAtEnrollment: 88, gender: "M", previousProgrammingExperience=false},{courseCode: "PYMC", engagementType: "Lecture 6", enrollmentMonth: 11, enrollmentYear: 2020}
7,{countryCode: "IN", enrolledMonth: 2, enrolledYear: 2022, ageAtEnrollment: 68, gender: "U", previousProgrammingExperience=false},{courseCode: "JMC", engagementType: "Lecture 10", enrollmentMonth: 2, enrollmentYear: 2022}
7,{countryCode: "IN", enrolledMonth: 2, enrolledYear: 2022, ageAtEnrollment: 68, gender: "U", previousProgrammingExperience=false},{courseCode: "PYMC", engagementType: "Lecture 2", enrollmentMonth: 2, enrollmentYear: 2022}
8,{countryCode: "IN", enrolledMonth: 9, enrolledYear: 2018, ageAtEnrollment: 45, gender: "M", previousProgrammingExperience=true},{courseCode: "JMC", engagementType: "Lecture 10", enrollmentMonth: 9, enrollmentYear: 2018}
8,{countryCode: "IN", enrolledMonth: 9, enrolledYear: 2018, ageAtEnrollment: 45, gender: "M", previousProgrammingExperience=true},{courseCode: "PYMC", engagementType: "Lecture 14", enrollmentMonth: 9, enrollmentYear: 2018}
9,{countryCode: "AU", enrolledMonth: 10, enrolledYear: 2019, ageAtEnrollment: 80, gender: "F", previousProgrammingExperience=false},{courseCode: "JMC", engagementType: "Lecture 13", enrollmentMonth: 10, enrollmentYear: 2019}
9,{countryCode: "AU", enrolledMonth: 10, enrolledYear: 2019, ageAtEnrollment: 80, gender: "F", previousProgrammingExperience=false},{courseCode: "PYMC", engagementType: "Lecture 9", enrollmentMonth: 10, enrollmentYear: 2019}
10,{countryCode: "AU", enrolledMonth: 6, enrolledYear: 2015, ageAtEnrollment: 33, gender: "F", previousProgrammingExperience=false},{courseCode: "JMC", engagementType: "Lecture 8", enrollmentMonth: 6, enrollmentYear: 2015}
10,{countryCode: "AU", enrolledMonth: 6, enrolledYear: 2015, ageAtEnrollment: 33, gender: "F", previousProgrammingExperience=false},{courseCode: "PYMC", engagementType: "Lecture 2", enrollmentMonth: 6, enrollmentYear: 2015}
11,{countryCode: "IN", enrolledMonth: 9, enrolledYear: 2016, ageAtEnrollment: 26, gender: "U", previousProgrammingExperience=false},{courseCode: "JMC", engagementType: "Lecture 8", enrollmentMonth: 9, enrollmentYear: 2016}
11,{countryCode: "IN", enrolledMonth: 9, enrolledYear: 2016, ageAtEnrollment: 26, gender: "U", previousProgrammingExperience=false},{courseCode: "PYMC", engagementType: "Lecture 1", enrollmentMonth: 9, enrollmentYear: 2016}
12,{countryCode: "CN", enrolledMonth: 5, enrolledYear: 2022, ageAtEnrollment: 70, gender: "U", previousProgrammingExperience=true},{courseCode: "JMC", engagementType: "Lecture 8", enrollmentMonth: 5, enrollmentYear: 2022}
12,{countryCode: "CN", enrolledMonth: 5, enrolledYear: 2022, ageAtEnrollment: 70, gender: "U", previousProgrammingExperience=true},{courseCode: "PYMC", engagementType: "Lecture 11", enrollmentMonth: 5, enrollmentYear: 2022}
13,{countryCode: "US", enrolledMonth: 4, enrolledYear: 2019, ageAtEnrollment: 41, gender: "M", previousProgrammingExperience=false},{courseCode: "JMC", engagementType: "Lecture 9", enrollmentMonth: 4, enrollmentYear: 2019}
13,{countryCode: "US", enrolledMonth: 4, enrolledYear: 2019, ageAtEnrollment: 41, gender: "M", previousProgrammingExperience=false},{courseCode: "PYMC", engagementType: "Lecture 9", enrollmentMonth: 4, enrollmentYear: 2019}
14,{countryCode: "IN", enrolledMonth: 1, enrolledYear: 2020, ageAtEnrollment: 58, gender: "M", previousProgrammingExperience=false},{courseCode: "JMC", engagementType: "Lecture 7", enrollmentMonth: 1, enrollmentYear: 2020}
14,{countryCode: "IN", enrolledMonth: 1, enrolledYear: 2020, ageAtEnrollment: 58, gender: "M", previousProgrammingExperience=false},{courseCode: "PYMC", engagementType: "Lecture 7", enrollmentMonth: 1, enrollmentYear: 2020}
15,{countryCode: "GB", enrolledMonth: 1, enrolledYear: 2023, ageAtEnrollment: 32, gender: "F", previousProgrammingExperience=true},{courseCode: "JMC", engagementType: "Lecture 6", enrollmentMonth: 1, enrollmentYear: 2023}
15,{countryCode: "GB", enrolledMonth: 1, enrolledYear: 2023, ageAtEnrollment: 32, gender: "F", previousProgrammingExperience=true},{courseCode: "PYMC", engagementType: "Lecture 10", enrollmentMonth: 1, enrollmentYear: 2023}
16,{countryCode: "GB", enrolledMonth: 3, enrolledYear: 2019, ageAtEnrollment: 51, gender: "M", previousProgrammingExperience=false},{courseCode: "JMC", engagementType: "Lecture 12", enrollmentMonth: 3, enrollmentYear: 2019}
16,{countryCode: "GB", enrolledMonth: 3, enrolledYear: 2019, ageAtEnrollment: 51, gender: "M", previousProgrammingExperience=false},{courseCode: "PYMC", engagementType: "Lecture 13", enrollmentMonth: 3, enrollmentYear: 2019}
17,{countryCode: "AU", enrolledMonth: 8, enrolledYear: 2018, ageAtEnrollment: 68, gender: "U", previousProgrammingExperience=true},{courseCode: "JMC", engagementType: "Lecture 12", enrollmentMonth: 8, enrollmentYear: 2018}
17,{countryCode: "AU", enrolledMonth: 8, enrolledYear: 2018, ageAtEnrollment: 68, gender: "U", previousProgrammingExperience=true},{courseCode: "PYMC", engagementType: "Lecture 4", enrollmentMonth: 8, enrollmentYear: 2018}
18,{countryCode: "GB", enrolledMonth: 10, enrolledYear: 2022, ageAtEnrollment: 23, gender: "U", previousProgrammingExperience=true},{courseCode: "JMC", engagementType: "Lecture 14", enrollmentMonth: 10, enrollmentYear: 2022}
18,{countryCode: "GB", enrolledMonth: 10, enrolledYear: 2022, ageAtEnrollment: 23, gender: "U", previousProgrammingExperience=true},{courseCode: "PYMC", engagementType: "Lecture 10", enrollmentMonth: 10, enrollmentYear: 2022}
19,{countryCode: "GB", enrolledMonth: 11, enrolledYear: 2022, ageAtEnrollment: 58, gender: "U", previousProgrammingExperience=false},{courseCode: "JMC", engagementType: "Lecture 6", enrollmentMonth: 11, enrollmentYear: 2022}
19,{countryCode: "GB", enrolledMonth: 11, enrolledYear: 2022, ageAtEnrollment: 58, gender: "U", previousProgrammingExperience=false},{courseCode: "PYMC", engagementType: "Lecture 1", enrollmentMonth: 11, enrollmentYear: 2022}
20,{countryCode: "AU", enrolledMonth: 8, enrolledYear: 2020, ageAtEnrollment: 56, gender: "F", previousProgrammingExperience=true},{courseCode: "JMC", engagementType: "Lecture 3", enrollmentMonth: 8, enrollmentYear: 2020}
20,{countryCode: "AU", enrolledMonth: 8, enrolledYear: 2020, ageAtEnrollment: 56, gender: "F", previousProgrammingExperience=true},{courseCode: "PYMC", engagementType: "Lecture 11", enrollmentMonth: 8, enrollmentYear: 2020}
21,{countryCode: "GB", enrolledMonth: 5, enrolledYear: 2019, ageAtEnrollment: 46, gender: "M", previousProgrammingExperience=false},{courseCode: "JMC", engagementType: "Lecture 12", enrollmentMonth: 5, enrollmentYear: 2019}
21,{countryCode: "GB", enrolledMonth: 5, enrolledYear: 2019, ageAtEnrollment: 46, gender: "M", previousProgrammingExperience=false},{courseCode: "PYMC", engagementType: "Lecture 6", enrollmentMonth: 5, enrollmentYear: 2019}
22,{countryCode: "IN", enrolledMonth: 7, enrolledYear: 2018, ageAtEnrollment: 79, gender: "M", previousProgrammingExperience=true},{courseCode: "JMC", engagementType: "Lecture 5", enrollmentMonth: 7, enrollmentYear: 2018}
22,{countryCode: "IN", enrolledMonth: 7, enrolledYear: 2018, ageAtEnrollment: 79, gender: "M", previousProgrammingExperience=true},{courseCode: "PYMC", engagementType: "Lecture 3", enrollmentMonth: 7, enrollmentYear: 2018}
23,{countryCode: "IN", enrolledMonth: 12, enrolledYear: 2018, ageAtEnrollment: 59, gender: "U", previousProgrammingExperience=true},{courseCode: "JMC", engagementType: "Lecture 5", enrollmentMonth: 12, enrollmentYear: 2018}
23,{countryCode: "IN", enrolledMonth: 12, enrolledYear: 2018, ageAtEnrollment: 59, gender: "U", previousProgrammingExperience=true},{courseCode: "PYMC", engagementType: "Lecture 9", enrollmentMonth: 12, enrollmentYear: 2018}
24,{countryCode: "AU", enrolledMonth: 8, enrolledYear: 2017, ageAtEnrollment: 81, gender: "F", previousProgrammingExperience=true},{courseCode: "JMC", engagementType: "Lecture 5", enrollmentMonth: 8, enrollmentYear: 2017}
24,{countryCode: "AU", enrolledMonth: 8, enrolledYear: 2017, ageAtEnrollment: 81, gender: "F", previousProgrammingExperience=true},{courseCode: "PYMC", engagementType: "Lecture 12", enrollmentMonth: 8, enrollmentYear: 2017}
25,{countryCode: "CN", enrolledMonth: 6, enrolledYear: 2016, ageAtEnrollment: 43, gender: "U", previousProgrammingExperience=true},{courseCode: "JMC", engagementType: "Lecture 2", enrollmentMonth: 6, enrollmentYear: 2016}
25,{countryCode: "CN", enrolledMonth: 6, enrolledYear: 2016, ageAtEnrollment: 43, gender: "U", previousProgrammingExperience=true},{courseCode: "PYMC", engagementType: "Lecture 11", enrollmentMonth: 6, enrollmentYear: 2016}
26,{countryCode: "CN", enrolledMonth: 12, enrolledYear: 2023, ageAtEnrollment: 38, gender: "U", previousProgrammingExperience=true},{courseCode: "JMC", engagementType: "Lecture 12", enrollmentMonth: 12, enrollmentYear: 2023}
26,{countryCode: "CN", enrolledMonth: 12, enrolledYear: 2023, ageAtEnrollment: 38, gender: "U", previousProgrammingExperience=true},{courseCode: "PYMC", engagementType: "Lecture 13", enrollmentMonth: 12, enrollmentYear: 2023}
27,{countryCode: "AU", enrolledMonth: 12, enrolledYear: 2016, ageAtEnrollment: 72, gender: "M", previousProgrammingExperience=true},{courseCode: "JMC", engagementType: "Lecture 7", enrollmentMonth: 12, enrollmentYear: 2016}
27,{countryCode: "AU", enrolledMonth: 12, enrolledYear: 2016, ageAtEnrollment: 72, gender: "M", previousProgrammingExperience=true},{courseCode: "PYMC", engagementType: "Lecture 2", enrollmentMonth: 12, enrollmentYear: 2016}
28,{countryCode: "IN", enrolledMonth: 8, enrolledYear: 2019, ageAtEnrollment: 82, gender: "M", previousProgrammingExperience=true},{courseCode: "JMC", engagementType: "Lecture 9", enrollmentMonth: 8, enrollmentYear: 2019}
28,{countryCode: "IN", enrolledMonth: 8, enrolledYear: 2019, ageAtEnrollment: 82, gender: "M", previousProgrammingExperience=true},{courseCode: "PYMC", engagementType: "Lecture 6", enrollmentMonth: 8, enrollmentYear: 2019}
29,{countryCode: "GB", enrolledMonth: 11, enrolledYear: 2019, ageAtEnrollment: 29, gender: "F", previousProgrammingExperience=false},{courseCode: "JMC", engagementType: "Lecture 10", enrollmentMonth: 11, enrollmentYear: 2019}
29,{countryCode: "GB", enrolledMonth: 11, enrolledYear: 2019, ageAtEnrollment: 29, gender: "F", previousProgrammingExperience=false},{courseCode: "PYMC", engagementType: "Lecture 11", enrollmentMonth: 11, enrollmentYear: 2019}
30,{countryCode: "AU", enrolledMonth: 6, enrolledYear: 2022, ageAtEnrollment: 23, gender: "U", previousProgrammingExperience=true},{courseCode: "JMC", engagementType: "Lecture 10", enrollmentMonth: 6, enrollmentYear: 2022}
30,{countryCode: "AU", enrolledMonth: 6, enrolledYear: 2022, ageAtEnrollment: 23, gender: "U", previousProgrammingExperience=true},{courseCode: "PYMC", engagementType: "Lecture 11", enrollmentMonth: 6, enrollmentYear: 2022}
31,{countryCode: "AU", enrolledMonth: 10, enrolledYear: 2021, ageAtEnrollment: 70, gender: "F", previousProgrammingExperience=false},{courseCode: "JMC", engagementType: "Lecture 9", enrollmentMonth: 10, enrollmentYear: 2021}
31,{countryCode: "AU", enrolledMonth: 10, enrolledYear: 2021, ageAtEnrollment: 70, gender: "F", previousProgrammingExperience=false},{courseCode: "PYMC", engagementType: "Lecture 9", enrollmentMonth: 10, enrollmentYear: 2021}
32,{countryCode: "IN", enrolledMonth: 4, enrolledYear: 2021, ageAtEnrollment: 55, gender: "U", previousProgrammingExperience=false},{courseCode: "JMC", engagementType: "Lecture 12", enrollmentMonth: 4, enrollmentYear: 2021}
32,{countryCode: "IN", enrolledMonth: 4, enrolledYear: 2021, ageAtEnrollment: 55, gender: "U", previousProgrammingExperience=false},{courseCode: "PYMC", engagementType: "Lecture 14", enrollmentMonth: 4, enrollmentYear: 2021}
33,{countryCode: "CN", enrolledMonth: 6, enrolledYear: 2015, ageAtEnrollment: 20, gender: "F", previousProgrammingExperience=true},{courseCode: "JMC", engagementType: "Lecture 13", enrollmentMonth: 6, enrollmentYear: 2015}
33,{countryCode: "CN", enrolledMonth: 6, enrolledYear: 2015, ageAtEnrollment: 20, gender: "F", previousProgrammingExperience=true},{courseCode: "PYMC", engagementType: "Lecture 6", enrollmentMonth: 6, enrollmentYear: 2015}
34,{countryCode: "US", enrolledMonth: 1, enrolledYear: 2018, ageAtEnrollment: 63, gender: "U", previousProgrammingExperience=true},{courseCode: "JMC", engagementType: "Lecture 2", enrollmentMonth: 1, enrollmentYear: 2018}
34,{countryCode: "US", enrolledMonth: 1, enrolledYear: 2018, ageAtEnrollment: 63, gender: "U", previousProgrammingExperience=true},{courseCode: "PYMC", engagementType: "Lecture 6", enrollmentMonth: 1, enrollmentYear: 2018}
35,{countryCode: "IN", enrolledMonth: 3, enrolledYear: 2018, ageAtEnrollment: 19, gender: "M", previousProgrammingExperience=false},{courseCode: "JMC", engagementType: "Lecture 7", enrollmentMonth: 3, enrollmentYear: 2018}
35,{countryCode: "IN", enrolledMonth: 3, enrolledYear: 2018, ageAtEnrollment: 19, gender: "M", previousProgrammingExperience=false},{courseCode: "PYMC", engagementType: "Lecture 12", enrollmentMonth: 3, enrollmentYear: 2018}
36,{countryCode: "AU", enrolledMonth: 3, enrolledYear: 2018, ageAtEnrollment: 65, gender: "F", previousProgrammingExperience=false},{courseCode: "JMC", engagementType: "Lecture 9", enrollmentMonth: 3, enrollmentYear: 2018}
36,{countryCode: "AU", enrolledMonth: 3, enrolledYear: 2018, ageAtEnrollment: 65, gender: "F", previousProgrammingExperience=false},{courseCode: "PYMC", engagementType: "Lecture 6", enrollmentMonth: 3, enrollmentYear: 2018}
37,{countryCode: "AU", enrolledMonth: 12, enrolledYear: 2017, ageAtEnrollment: 69, gender: "F", previousProgrammingExperience=true},{courseCode: "JMC", engagementType: "Lecture 3", enrollmentMonth: 12, enrollmentYear: 2017}
37,{countryCode: "AU", enrolledMonth: 12, enrolledYear: 2017, ageAtEnrollment: 69, gender: "F", previousProgrammingExperience=true},{courseCode: "PYMC", engagementType: "Lecture 5", enrollmentMonth: 12, enrollmentYear: 2017}
38,{countryCode: "US", enrolledMonth: 9, enrolledYear: 2023, ageAtEnrollment: 56, gender: "U", previousProgrammingExperience=false},{courseCode: "JMC", engagementType: "Lecture 6", enrollmentMonth: 9, enrollmentYear: 2023}
38,{countryCode: "US", enrolledMonth: 9, enrolledYear: 2023, ageAtEnrollment: 56, gender: "U", previousProgrammingExperience=false},{courseCode: "PYMC", engagementType: "Lecture 5", enrollmentMonth: 9, enrollmentYear: 2023}
39,{countryCode: "GB", enrolledMonth: 9, enrolledYear: 2016, ageAtEnrollment: 61, gender: "F", previousProgrammingExperience=false},{courseCode: "JMC", engagementType: "Lecture 6", enrollmentMonth: 9, enrollmentYear: 2016}
39,{countryCode: "GB", enrolledMonth: 9, enrolledYear: 2016, ageAtEnrollment: 61, gender: "F", previousProgrammingExperience=false},{courseCode: "PYMC", engagementType: "Lecture 7", enrollmentMonth: 9, enrollmentYear: 2016}
40,{countryCode: "CN", enrolledMonth: 7, enrolledYear: 2019, ageAtEnrollment: 62, gender: "F", previousProgrammingExperience=true},{courseCode: "JMC", engagementType: "Lecture 10", enrollmentMonth: 7, enrollmentYear: 2019}
40,{countryCode: "CN", enrolledMonth: 7, enrolledYear: 2019, ageAtEnrollment: 62, gender: "F", previousProgrammingExperience=true},{courseCode: "PYMC", engagementType: "Lecture 3", enrollmentMonth: 7, enrollmentYear: 2019}
41,{countryCode: "AU", enrolledMonth: 5, enrolledYear: 2015, ageAtEnrollment: 40, gender: "M", previousProgrammingExperience=false},{courseCode: "JMC", engagementType: "Lecture 6", enrollmentMonth: 5, enrollmentYear: 2015}
41,{countryCode: "AU", enrolledMonth: 5, enrolledYear: 2015, ageAtEnrollment: 40, gender: "M", previousProgrammingExperience=false},{courseCode: "PYMC", engagementType: "Lecture 8", enrollmentMonth: 5, enrollmentYear: 2015}
42,{countryCode: "IN", enrolledMonth: 2, enrolledYear: 2019, ageAtEnrollment: 72, gender: "F", previousProgrammingExperience=false},{courseCode: "JMC", engagementType: "Lecture 13", enrollmentMonth: 2, enrollmentYear: 2019}
42,{countryCode: "IN", enrolledMonth: 2, enrolledYear: 2019, ageAtEnrollment: 72, gender: "F", previousProgrammingExperience=false},{courseCode: "PYMC", engagementType: "Lecture 5", enrollmentMonth: 2, enrollmentYear: 2019}
43,{countryCode: "IN", enrolledMonth: 7, enrolledYear: 2017, ageAtEnrollment: 55, gender: "F", previousProgrammingExperience=true},{courseCode: "JMC", engagementType: "Lecture 5", enrollmentMonth: 7, enrollmentYear: 2017}
43,{countryCode: "IN", enrolledMonth: 7, enrolledYear: 2017, ageAtEnrollment: 55, gender: "F", previousProgrammingExperience=true},{courseCode: "PYMC", engagementType: "Lecture 5", enrollmentMonth: 7, enrollmentYear: 2017}
44,{countryCode: "IN", enrolledMonth: 9, enrolledYear: 2020, ageAtEnrollment: 40, gender: "F", previousProgrammingExperience=true},{courseCode: "JMC", engagementType: "Lecture 11", enrollmentMonth: 9, enrollmentYear: 2020}
44,{countryCode: "IN", enrolledMonth: 9, enrolledYear: 2020, ageAtEnrollment: 40, gender: "F", previousProgrammingExperience=true},{courseCode: "PYMC", engagementType: "Lecture 3", enrollmentMonth: 9, enrollmentYear: 2020}
45,{countryCode: "IN", enrolledMonth: 11, enrolledYear: 2015, ageAtEnrollment: 45, gender: "F", previousProgrammingExperience=false},{courseCode: "JMC", engagementType: "Lecture 9", enrollmentMonth: 11, enrollmentYear: 2015}
45,{countryCode: "IN", enrolledMonth: 11, enrolledYear: 2015, ageAtEnrollment: 45, gender: "F", previousProgrammingExperience=false},{courseCode: "PYMC", engagementType: "Lecture 2", enrollmentMonth: 11, enrollmentYear: 2015}
46,{countryCode: "GB", enrolledMonth: 5, enrolledYear: 2015, ageAtEnrollment: 89, gender: "U", previousProgrammingExperience=false},{courseCode: "JMC", engagementType: "Lecture 12", enrollmentMonth: 5, enrollmentYear: 2015}
46,{countryCode: "GB", enrolledMonth: 5, enrolledYear: 2015, ageAtEnrollment: 89, gender: "U", previousProgrammingExperience=false},{courseCode: "PYMC", engagementType: "Lecture 14", enrollmentMonth: 5, enrollmentYear: 2015}
47,{countryCode: "IN", enrolledMonth: 11, enrolledYear: 2018, ageAtEnrollment: 88, gender: "U", previousProgrammingExperience=false},{courseCode: "JMC", engagementType: "Lecture 2", enrollmentMonth: 11, enrollmentYear: 2018}
47,{countryCode: "IN", enrolledMonth: 11, enrolledYear: 2018, ageAtEnrollment: 88, gender: "U", previousProgrammingExperience=false},{courseCode: "PYMC", engagementType: "Lecture 8", enrollmentMonth: 11, enrollmentYear: 2018}
48,{countryCode: "GB", enrolledMonth: 1, enrolledYear: 2022, ageAtEnrollment: 31, gender: "F", previousProgrammingExperience=true},{courseCode: "JMC", engagementType: "Lecture 9", enrollmentMonth: 1, enrollmentYear: 2022}
48,{countryCode: "GB", enrolledMonth: 1, enrolledYear: 2022, ageAtEnrollment: 31, gender: "F", previousProgrammingExperience=true},{courseCode: "PYMC", engagementType: "Lecture 5", enrollmentMonth: 1, enrollmentYear: 2022}
49,{countryCode: "IN", enrolledMonth: 6, enrolledYear: 2015, ageAtEnrollment: 65, gender: "F", previousProgrammingExperience=false},{courseCode: "JMC", engagementType: "Lecture 14", enrollmentMonth: 6, enrollmentYear: 2015}
49,{countryCode: "IN", enrolledMonth: 6, enrolledYear: 2015, ageAtEnrollment: 65, gender: "F", previousProgrammingExperience=false},{courseCode: "PYMC", engagementType: "Lecture 6", enrollmentMonth: 6, enrollmentYear: 2015}
50,{countryCode: "US", enrolledMonth: 6, enrolledYear: 2016, ageAtEnrollment: 18, gender: "F", previousProgrammingExperience=true},{courseCode: "JMC", engagementType: "Lecture 2", enrollmentMonth: 6, enrollmentYear: 2016}
50,{countryCode: "US", enrolledMonth: 6, enrolledYear: 2016, ageAtEnrollment: 18, gender: "F", previousProgrammingExperience=true},{courseCode: "PYMC", engagementType: "Lecture 1", enrollmentMonth: 6, enrollmentYear: 2016}
51,{countryCode: "CN", enrolledMonth: 12, enrolledYear: 2023, ageAtEnrollment: 89, gender: "F", previousProgrammingExperience=false},{courseCode: "JMC", engagementType: "Lecture 11", enrollmentMonth: 12, enrollmentYear: 2023}
51,{countryCode: "CN", enrolledMonth: 12, enrolledYear: 2023, ageAtEnrollment: 89, gender: "F", previousProgrammingExperience=false},{courseCode: "PYMC", engagementType: "Lecture 12", enrollmentMonth: 12, enrollmentYear: 2023}
52,{countryCode: "US", enrolledMonth: 8, enrolledYear: 2016, ageAtEnrollment: 30, gender: "M", previousProgrammingExperience=true},{courseCode: "JMC", engagementType: "Lecture 3", enrollmentMonth: 8, enrollmentYear: 2016}
52,{countryCode: "US", enrolledMonth: 8, enrolledYear: 2016, ageAtEnrollment: 30, gender: "M", previousProgrammingExperience=true},{courseCode: "PYMC", engagementType: "Lecture 5", enrollmentMonth: 8, enrollmentYear: 2016}
53,{countryCode: "AU", enrolledMonth: 5, enrolledYear: 2019, ageAtEnrollment: 24, gender: "F", previousProgrammingExperience=false},{courseCode: "JMC", engagementType: "Lecture 7", enrollmentMonth: 5, enrollmentYear: 2019}
53,{countryCode: "AU", enrolledMonth: 5, enrolledYear: 2019, ageAtEnrollment: 24, gender: "F", previousProgrammingExperience=false},{courseCode: "PYMC", engagementType: "Lecture 13", enrollmentMonth: 5, enrollmentYear: 2019}
54,{countryCode: "US", enrolledMonth: 11, enrolledYear: 2021, ageAtEnrollment: 86, gender: "F", previousProgrammingExperience=true},{courseCode: "JMC", engagementType: "Lecture 9", enrollmentMonth: 11, enrollmentYear: 2021}
54,{countryCode: "US", enrolledMonth: 11, enrolledYear: 2021, ageAtEnrollment: 86, gender: "F", previousProgrammingExperience=true},{courseCode: "PYMC", engagementType: "Lecture 3", enrollmentMonth: 11, enrollmentYear: 2021}
55,{countryCode: "GB", enrolledMonth: 6, enrolledYear: 2019, ageAtEnrollment: 19, gender: "U", previousProgrammingExperience=false},{courseCode: "JMC", engagementType: "Lecture 10", enrollmentMonth: 6, enrollmentYear: 2019}
55,{countryCode: "GB", enrolledMonth: 6, enrolledYear: 2019, ageAtEnrollment: 19, gender: "U", previousProgrammingExperience=false},{courseCode: "PYMC", engagementType: "Lecture 5", enrollmentMonth: 6, enrollmentYear: 2019}
56,{countryCode: "AU", enrolledMonth: 8, enrolledYear: 2022, ageAtEnrollment: 51, gender: "M", previousProgrammingExperience=true},{courseCode: "JMC", engagementType: "Lecture 8", enrollmentMonth: 8, enrollmentYear: 2022}
56,{countryCode: "AU", enrolledMonth: 8, enrolledYear: 2022, ageAtEnrollment: 51, gender: "M", previousProgrammingExperience=true},{courseCode: "PYMC", engagementType: "Lecture 10", enrollmentMonth: 8, enrollmentYear: 2022}
57,{countryCode: "AU", enrolledMonth: 11, enrolledYear: 2017, ageAtEnrollment: 72, gender: "U", previousProgrammingExperience=true},{courseCode: "JMC", engagementType: "Lecture 5", enrollmentMonth: 11, enrollmentYear: 2017}
57,{countryCode: "AU", enrolledMonth: 11, enrolledYear: 2017, ageAtEnrollment: 72, gender: "U", previousProgrammingExperience=true},{courseCode: "PYMC", engagementType: "Lecture 4", enrollmentMonth: 11, enrollmentYear: 2017}
58,{countryCode: "US", enrolledMonth: 8, enrolledYear: 2023, ageAtEnrollment: 25, gender: "F", previousProgrammingExperience=true},{courseCode: "JMC", engagementType: "Lecture 5", enrollmentMonth: 8, enrollmentYear: 2023}
58,{countryCode: "US", enrolledMonth: 8, enrolledYear: 2023, ageAtEnrollment: 25, gender: "F", previousProgrammingExperience=true},{courseCode: "PYMC", engagementType: "Lecture 3", enrollmentMonth: 8, enrollmentYear: 2023}
59,{countryCode: "US", enrolledMonth: 11, enrolledYear: 2015, ageAtEnrollment: 62, gender: "F", previousProgrammingExperience=true},{courseCode: "JMC", engagementType: "Lecture 4", enrollmentMonth: 11, enrollmentYear: 2015}
59,{countryCode: "US", enrolledMonth: 11, enrolledYear: 2015, ageAtEnrollment: 62, gender: "F", previousProgrammingExperience=true},{courseCode: "PYMC", engagementType: "Lecture 1", enrollmentMonth: 11, enrollmentYear: 2015}
60,{countryCode: "AU", enrolledMonth: 9, enrolledYear: 2018, ageAtEnrollment: 88, gender: "M", previousProgrammingExperience=true},{courseCode: "JMC", engagementType: "Lecture 3", enrollmentMonth: 9, enrollmentYear: 2018}
60,{countryCode: "AU", enrolledMonth: 9, enrolledYear: 2018, ageAtEnrollment: 88, gender: "M", previousProgrammingExperience=true},{courseCode: "PYMC", engagementType: "Lecture 14", enrollmentMonth: 9, enrollmentYear: 2018}
61,{countryCode: "IN", enrolledMonth: 9, enrolledYear: 2018, ageAtEnrollment: 71, gender: "F", previousProgrammingExperience=true},{courseCode: "JMC", engagementType: "Lecture 10", enrollmentMonth: 9, enrollmentYear: 2018}
61,{countryCode: "IN", enrolledMonth: 9, enrolledYear: 2018, ageAtEnrollment: 71, gender: "F", previousProgrammingExperience=true},{courseCode: "PYMC", engagementType: "Lecture 9", enrollmentMonth: 9, enrollmentYear: 2018}
62,{countryCode: "IN", enrolledMonth: 5, enrolledYear: 2020, ageAtEnrollment: 42, gender: "M", previousProgrammingExperience=false},{courseCode: "JMC", engagementType: "Lecture 10", enrollmentMonth: 5, enrollmentYear: 2020}
62,{countryCode: "IN", enrolledMonth: 5, enrolledYear: 2020, ageAtEnrollment: 42, gender: "M", previousProgrammingExperience=false},{courseCode: "PYMC", engagementType: "Lecture 5", enrollmentMonth: 5, enrollmentYear: 2020}
63,{countryCode: "AU", enrolledMonth: 2, enrolledYear: 2018, ageAtEnrollment: 34, gender: "F", previousProgrammingExperience=false},{courseCode: "JMC", engagementType: "Lecture 3", enrollmentMonth: 2, enrollmentYear: 2018}
63,{countryCode: "AU", enrolledMonth: 2, enrolledYear: 2018, ageAtEnrollment: 34, gender: "F", previousProgrammingExperience=false},{courseCode: "PYMC", engagementType: "Lecture 2", enrollmentMonth: 2, enrollmentYear: 2018}
64,{countryCode: "US", enrolledMonth: 8, enrolledYear: 2016, ageAtEnrollment: 81, gender: "U", previousProgrammingExperience=false},{courseCode: "JMC", engagementType: "Lecture 9", enrollmentMonth: 8, enrollmentYear: 2016}
64,{countryCode: "US", enrolledMonth: 8, enrolledYear: 2016, ageAtEnrollment: 81, gender: "U", previousProgrammingExperience=false},{courseCode: "PYMC", engagementType: "Lecture 5", enrollmentMonth: 8, enrollmentYear: 2016}
65,{countryCode: "AU", enrolledMonth: 4, enrolledYear: 2020, ageAtEnrollment: 28, gender: "M", previousProgrammingExperience=false},{courseCode: "JMC", engagementType: "Lecture 7", enrollmentMonth: 4, enrollmentYear: 2020}
65,{countryCode: "AU", enrolledMonth: 4, enrolledYear: 2020, ageAtEnrollment: 28, gender: "M", previousProgrammingExperience=false},{courseCode: "PYMC", engagementType: "Lecture 1", enrollmentMonth: 4, enrollmentYear: 2020}
66,{countryCode: "US", enrolledMonth: 8, enrolledYear: 2017, ageAtEnrollment: 27, gender: "M", previousProgrammingExperience=true},{courseCode: "JMC", engagementType: "Lecture 5", enrollmentMonth: 8, enrollmentYear: 2017}
66,{countryCode: "US", enrolledMonth: 8, enrolledYear: 2017, ageAtEnrollment: 27, gender: "M", previousProgrammingExperience=true},{courseCode: "PYMC", engagementType: "Lecture 3", enrollmentMonth: 8, enrollmentYear: 2017}
67,{countryCode: "US", enrolledMonth: 6, enrolledYear: 2017, ageAtEnrollment: 22, gender: "U", previousProgrammingExperience=true},{courseCode: "JMC", engagementType: "Lecture 10", enrollmentMonth: 6, enrollmentYear: 2017}
67,{countryCode: "US", enrolledMonth: 6, enrolledYear: 2017, ageAtEnrollment: 22, gender: "U", previousProgrammingExperience=true},{courseCode: "PYMC", engagementType: "Lecture 6", enrollmentMonth: 6, enrollmentYear: 2017}
68,{countryCode: "GB", enrolledMonth: 4, enrolledYear: 2021, ageAtEnrollment: 29, gender: "U", previousProgrammingExperience=true},{courseCode: "JMC", engagementType: "Lecture 13", enrollmentMonth: 4, enrollmentYear: 2021}
68,{countryCode: "GB", enrolledMonth: 4, enrolledYear: 2021, ageAtEnrollment: 29, gender: "U", previousProgrammingExperience=true},{courseCode: "PYMC", engagementType: "Lecture 14", enrollmentMonth: 4, enrollmentYear: 2021}
69,{countryCode: "IN", enrolledMonth: 4, enrolledYear: 2016, ageAtEnrollment: 36, gender: "U", previousProgrammingExperience=true},{courseCode: "JMC", engagementType: "Lecture 9", enrollmentMonth: 4, enrollmentYear: 2016}
69,{countryCode: "IN", enrolledMonth: 4, enrolledYear: 2016, ageAtEnrollment: 36, gender: "U", previousProgrammingExperience=true},{courseCode: "PYMC", engagementType: "Lecture 14", enrollmentMonth: 4, enrollmentYear: 2016}
70,{countryCode: "AU", enrolledMonth: 12, enrolledYear: 2018, ageAtEnrollment: 69, gender: "M", previousProgrammingExperience=true},{courseCode: "JMC", engagementType: "Lecture 6", enrollmentMonth: 12, enrollmentYear: 2018}
70,{countryCode: "AU", enrolledMonth: 12, enrolledYear: 2018, ageAtEnrollment: 69, gender: "M", previousProgrammingExperience=true},{courseCode: "PYMC", engagementType: "Lecture 6", enrollmentMonth: 12, enrollmentYear: 2018}
71,{countryCode: "US", enrolledMonth: 1, enrolledYear: 2021, ageAtEnrollment: 89, gender: "U", previousProgrammingExperience=true},{courseCode: "JMC", engagementType: "Lecture 2", enrollmentMonth: 1, enrollmentYear: 2021}
71,{countryCode: "US", enrolledMonth: 1, enrolledYear: 2021, ageAtEnrollment: 89, gender: "U", previousProgrammingExperience=true},{courseCode: "PYMC", engagementType: "Lecture 3", enrollmentMonth: 1, enrollmentYear: 2021}
72,{countryCode: "US", enrolledMonth: 10, enrolledYear: 2018, ageAtEnrollment: 46, gender: "U", previousProgrammingExperience=false},{courseCode: "JMC", engagementType: "Lecture 6", enrollmentMonth: 10, enrollmentYear: 2018}
72,{countryCode: "US", enrolledMonth: 10, enrolledYear: 2018, ageAtEnrollment: 46, gender: "U", previousProgrammingExperience=false},{courseCode: "PYMC", engagementType: "Lecture 8", enrollmentMonth: 10, enrollmentYear: 2018}
73,{countryCode: "IN", enrolledMonth: 9, enrolledYear: 2017, ageAtEnrollment: 37, gender: "F", previousProgrammingExperience=false},{courseCode: "JMC", engagementType: "Lecture 3", enrollmentMonth: 9, enrollmentYear: 2017}
73,{countryCode: "IN", enrolledMonth: 9, enrolledYear: 2017, ageAtEnrollment: 37, gender: "F", previousProgrammingExperience=false},{courseCode: "PYMC", engagementType: "Lecture 3", enrollmentMonth: 9, enrollmentYear: 2017}
74,{countryCode: "IN", enrolledMonth: 11, enrolledYear: 2022, ageAtEnrollment: 68, gender: "U", previousProgrammingExperience=true},{courseCode: "JMC", engagementType: "Lecture 5", enrollmentMonth: 11, enrollmentYear: 2022}
74,{countryCode: "IN", enrolledMonth: 11, enrolledYear: 2022, ageAtEnrollment: 68, gender: "U", previousProgrammingExperience=true},{courseCode: "PYMC", engagementType: "Lecture 6", enrollmentMonth: 11, enrollmentYear: 2022}
75,{countryCode: "CN", enrolledMonth: 2, enrolledYear: 2018, ageAtEnrollment: 44, gender: "F", previousProgrammingExperience=true},{courseCode: "JMC", engagementType: "Lecture 6", enrollmentMonth: 2, enrollmentYear: 2018}
75,{countryCode: "CN", enrolledMonth: 2, enrolledYear: 2018, ageAtEnrollment: 44, gender: "F", previousProgrammingExperience=true},{courseCode: "PYMC", engagementType: "Lecture 1", enrollmentMonth: 2, enrollmentYear: 2018}
76,{countryCode: "US", enrolledMonth: 12, enrolledYear: 2020, ageAtEnrollment: 38, gender: "M", previousProgrammingExperience=true},{courseCode: "JMC", engagementType: "Lecture 4", enrollmentMonth: 12, enrollmentYear: 2020}
76,{countryCode: "US", enrolledMonth: 12, enrolledYear: 2020, ageAtEnrollment: 38, gender: "M", previousProgrammingExperience=true},{courseCode: "PYMC", engagementType: "Lecture 2", enrollmentMonth: 12, enrollmentYear: 2020}
77,{countryCode: "IN", enrolledMonth: 7, enrolledYear: 2017, ageAtEnrollment: 65, gender: "M", previousProgrammingExperience=false},{courseCode: "JMC", engagementType: "Lecture 12", enrollmentMonth: 7, enrollmentYear: 2017}
77,{countryCode: "IN", enrolledMonth: 7, enrolledYear: 2017, ageAtEnrollment: 65, gender: "M", previousProgrammingExperience=false},{courseCode: "PYMC", engagementType: "Lecture 14", enrollmentMonth: 7, enrollmentYear: 2017}
78,{countryCode: "US", enrolledMonth: 2, enrolledYear: 2017, ageAtEnrollment: 24, gender: "U", previousProgrammingExperience=true},{courseCode: "JMC", engagementType: "Lecture 1", enrollmentMonth: 2, enrollmentYear: 2017}
78,{countryCode: "US", enrolledMonth: 2, enrolledYear: 2017, ageAtEnrollment: 24, gender: "U", previousProgrammingExperience=true},{courseCode: "PYMC", engagementType: "Lecture 7", enrollmentMonth: 2, enrollmentYear: 2017}
79,{countryCode: "AU", enrolledMonth: 5, enrolledYear: 2019, ageAtEnrollment: 24, gender: "U", previousProgrammingExperience=false},{courseCode: "JMC", engagementType: "Lecture 10", enrollmentMonth: 5, enrollmentYear: 2019}
79,{countryCode: "AU", enrolledMonth: 5, enrolledYear: 2019, ageAtEnrollment: 24, gender: "U", previousProgrammingExperience=false},{courseCode: "PYMC", engagementType: "Lecture 10", enrollmentMonth: 5, enrollmentYear: 2019}
80,{countryCode: "CN", enrolledMonth: 2, enrolledYear: 2022, ageAtEnrollment: 32, gender: "M", previousProgrammingExperience=false},{courseCode: "JMC", engagementType: "Lecture 3", enrollmentMonth: 2, enrollmentYear: 2022}
80,{countryCode: "CN", enrolledMonth: 2, enrolledYear: 2022, ageAtEnrollment: 32, gender: "M", previousProgrammingExperience=false},{courseCode: "PYMC", engagementType: "Lecture 13", enrollmentMonth: 2, enrollmentYear: 2022}
81,{countryCode: "GB", enrolledMonth: 10, enrolledYear: 2021, ageAtEnrollment: 43, gender: "U", previousProgrammingExperience=false},{courseCode: "JMC", engagementType: "Lecture 7", enrollmentMonth: 10, enrollmentYear: 2021}
81,{countryCode: "GB", enrolledMonth: 10, enrolledYear: 2021, ageAtEnrollment: 43, gender: "U", previousProgrammingExperience=false},{courseCode: "PYMC", engagementType: "Lecture 12", enrollmentMonth: 10, enrollmentYear: 2021}
82,{countryCode: "CN", enrolledMonth: 3, enrolledYear: 2023, ageAtEnrollment: 67, gender: "F", previousProgrammingExperience=false},{courseCode: "JMC", engagementType: "Lecture 1", enrollmentMonth: 3, enrollmentYear: 2023}
82,{countryCode: "CN", enrolledMonth: 3, enrolledYear: 2023, ageAtEnrollment: 67, gender: "F", previousProgrammingExperience=false},{courseCode: "PYMC", engagementType: "Lecture 8", enrollmentMonth: 3, enrollmentYear: 2023}
83,{countryCode: "IN", enrolledMonth: 11, enrolledYear: 2018, ageAtEnrollment: 71, gender: "F", previousProgrammingExperience=false},{courseCode: "JMC", engagementType: "Lecture 6", enrollmentMonth: 11, enrollmentYear: 2018}
83,{countryCode: "IN", enrolledMonth: 11, enrolledYear: 2018, ageAtEnrollment: 71, gender: "F", previousProgrammingExperience=false},{courseCode: "PYMC", engagementType: "Lecture 2", enrollmentMonth: 11, enrollmentYear: 2018}
84,{countryCode: "US", enrolledMonth: 8, enrolledYear: 2020, ageAtEnrollment: 80, gender: "M", previousProgrammingExperience=false},{courseCode: "JMC", engagementType: "Lecture 13", enrollmentMonth: 8, enrollmentYear: 2020}
84,{countryCode: "US", enrolledMonth: 8, enrolledYear: 2020, ageAtEnrollment: 80, gender: "M", previousProgrammingExperience=false},{courseCode: "PYMC", engagementType: "Lecture 7", enrollmentMonth: 8, enrollmentYear: 2020}
85,{countryCode: "US", enrolledMonth: 12, enrolledYear: 2020, ageAtEnrollment: 37, gender: "U", previousProgrammingExperience=false},{courseCode: "JMC", engagementType: "Lecture 9", enrollmentMonth: 12, enrollmentYear: 2020}
85,{countryCode: "US", enrolledMonth: 12, enrolledYear: 2020, ageAtEnrollment: 37, gender: "U", previousProgrammingExperience=false},{courseCode: "PYMC", engagementType: "Lecture 4", enrollmentMonth: 12, enrollmentYear: 2020}
86,{countryCode: "AU", enrolledMonth: 2, enrolledYear: 2021, ageAtEnrollment: 74, gender: "M", previousProgrammingExperience=true},{courseCode: "JMC", engagementType: "Lecture 5", enrollmentMonth: 2, enrollmentYear: 2021}
86,{countryCode: "AU", enrolledMonth: 2, enrolledYear: 2021, ageAtEnrollment: 74, gender: "M", previousProgrammingExperience=true},{courseCode: "PYMC", engagementType: "Lecture 14", enrollmentMonth: 2, enrollmentYear: 2021}
87,{countryCode: "US", enrolledMonth: 5, enrolledYear: 2023, ageAtEnrollment: 89, gender: "U", previousProgrammingExperience=true},{courseCode: "JMC", engagementType: "Lecture 8", enrollmentMonth: 5, enrollmentYear: 2023}
87,{countryCode: "US", enrolledMonth: 5, enrolledYear: 2023, ageAtEnrollment: 89, gender: "U", previousProgrammingExperience=true},{courseCode: "PYMC", engagementType: "Lecture 4", enrollmentMonth: 5, enrollmentYear: 2023}
88,{countryCode: "IN", enrolledMonth: 9, enrolledYear: 2019, ageAtEnrollment: 44, gender: "F", previousProgrammingExperience=true},{courseCode: "JMC", engagementType: "Lecture 13", enrollmentMonth: 9, enrollmentYear: 2019}
88,{countryCode: "IN", enrolledMonth: 9, enrolledYear: 2019, ageAtEnrollment: 44, gender: "F", previousProgrammingExperience=true},{courseCode: "PYMC", engagementType: "Lecture 3", enrollmentMonth: 9, enrollmentYear: 2019}
89,{countryCode: "CN", enrolledMonth: 9, enrolledYear: 2023, ageAtEnrollment: 45, gender: "M", previousProgrammingExperience=false},{courseCode: "JMC", engagementType: "Lecture 3", enrollmentMonth: 9, enrollmentYear: 2023}
89,{countryCode: "CN", enrolledMonth: 9, enrolledYear: 2023, ageAtEnrollment: 45, gender: "M", previousProgrammingExperience=false},{courseCode: "PYMC", engagementType: "Lecture 9", enrollmentMonth: 9, enrollmentYear: 2023}
90,{countryCode: "IN", enrolledMonth: 9, enrolledYear: 2023, ageAtEnrollment: 28, gender: "U", previousProgrammingExperience=true},{courseCode: "JMC", engagementType: "Lecture 6", enrollmentMonth: 9, enrollmentYear: 2023}
90,{countryCode: "IN", enrolledMonth: 9, enrolledYear: 2023, ageAtEnrollment: 28, gender: "U", previousProgrammingExperience=true},{courseCode: "PYMC", engagementType: "Lecture 12", enrollmentMonth: 9, enrollmentYear: 2023}
91,{countryCode: "US", enrolledMonth: 5, enrolledYear: 2015, ageAtEnrollment: 25, gender: "F", previousProgrammingExperience=true},{courseCode: "JMC", engagementType: "Lecture 3", enrollmentMonth: 5, enrollmentYear: 2015}
91,{countryCode: "US", enrolledMonth: 5, enrolledYear: 2015, ageAtEnrollment: 25, gender: "F", previousProgrammingExperience=true},{courseCode: "PYMC", engagementType: "Lecture 9", enrollmentMonth: 5, enrollmentYear: 2015}
92,{countryCode: "IN", enrolledMonth: 2, enrolledYear: 2016, ageAtEnrollment: 66, gender: "F", previousProgrammingExperience=false},{courseCode: "JMC", engagementType: "Lecture 12", enrollmentMonth: 2, enrollmentYear: 2016}
92,{countryCode: "IN", enrolledMonth: 2, enrolledYear: 2016, ageAtEnrollment: 66, gender: "F", previousProgrammingExperience=false},{courseCode: "PYMC", engagementType: "Lecture 2", enrollmentMonth: 2, enrollmentYear: 2016}
93,{countryCode: "AU", enrolledMonth: 11, enrolledYear: 2016, ageAtEnrollment: 19, gender: "F", previousProgrammingExperience=false},{courseCode: "JMC", engagementType: "Lecture 11", enrollmentMonth: 11, enrollmentYear: 2016}
93,{countryCode: "AU", enrolledMonth: 11, enrolledYear: 2016, ageAtEnrollment: 19, gender: "F", previousProgrammingExperience=false},{courseCode: "PYMC", engagementType: "Lecture 2", enrollmentMonth: 11, enrollmentYear: 2016}
94,{countryCode: "IN", enrolledMonth: 11, enrolledYear: 2018, ageAtEnrollment: 41, gender: "U", previousProgrammingExperience=false},{courseCode: "JMC", engagementType: "Lecture 14", enrollmentMonth: 11, enrollmentYear: 2018}
94,{countryCode: "IN", enrolledMonth: 11, enrolledYear: 2018, ageAtEnrollment: 41, gender: "U", previousProgrammingExperience=false},{courseCode: "PYMC", engagementType: "Lecture 5", enrollmentMonth: 11, enrollmentYear: 2018}
95,{countryCode: "US", enrolledMonth: 6, enrolledYear: 2018, ageAtEnrollment: 87, gender: "U", previousProgrammingExperience=true},{courseCode: "JMC", engagementType: "Lecture 6", enrollmentMonth: 6, enrollmentYear: 2018}
95,{countryCode: "US", enrolledMonth: 6, enrolledYear: 2018, ageAtEnrollment: 87, gender: "U", previousProgrammingExperience=true},{courseCode: "PYMC", engagementType: "Lecture 8", enrollmentMonth: 6, enrollmentYear: 2018}
96,{countryCode: "AU", enrolledMonth: 12, enrolledYear: 2022, ageAtEnrollment: 19, gender: "F", previousProgrammingExperience=false},{courseCode: "JMC", engagementType: "Lecture 5", enrollmentMonth: 12, enrollmentYear: 2022}
96,{countryCode: "AU", enrolledMonth: 12, enrolledYear: 2022, ageAtEnrollment: 19, gender: "F", previousProgrammingExperience=false},{courseCode: "PYMC", engagementType: "Lecture 12", enrollmentMonth: 12, enrollmentYear: 2022}
97,{countryCode: "AU", enrolledMonth: 1, enrolledYear: 2019, ageAtEnrollment: 60, gender: "U", previousProgrammingExperience=true},{courseCode: "JMC", engagementType: "Lecture 12", enrollmentMonth: 1, enrollmentYear: 2019}
97,{countryCode: "AU", enrolledMonth: 1, enrolledYear: 2019, ageAtEnrollment: 60, gender: "U", previousProgrammingExperience=true},{courseCode: "PYMC", engagementType: "Lecture 7", enrollmentMonth: 1, enrollmentYear: 2019}
98,{countryCode: "GB", enrolledMonth: 7, enrolledYear: 2021, ageAtEnrollment: 71, gender: "M", previousProgrammingExperience=false},{courseCode: "JMC", engagementType: "Lecture 8", enrollmentMonth: 7, enrollmentYear: 2021}
98,{countryCode: "GB", enrolledMonth: 7, enrolledYear: 2021, ageAtEnrollment: 71, gender: "M", previousProgrammingExperience=false},{courseCode: "PYMC", engagementType: "Lecture 3", enrollmentMonth: 7, enrollmentYear: 2021}
99,{countryCode: "US", enrolledMonth: 8, enrolledYear: 2017, ageAtEnrollment: 47, gender: "U", previousProgrammingExperience=true},{courseCode: "JMC", engagementType: "Lecture 7", enrollmentMonth: 8, enrollmentYear: 2017}
99,{countryCode: "US", enrolledMonth: 8, enrolledYear: 2017, ageAtEnrollment: 47, gender: "U", previousProgrammingExperience=true},{courseCode: "PYMC", engagementType: "Lecture 5", enrollmentMonth: 8, enrollmentYear: 2017}
100,{countryCode: "US", enrolledMonth: 9, enrolledYear: 2023, ageAtEnrollment: 68, gender: "M", previousProgrammingExperience=true},{courseCode: "JMC", engagementType: "Lecture 6", enrollmentMonth: 9, enrollmentYear: 2023}
100,{countryCode: "US", enrolledMonth: 9, enrolledYear: 2023, ageAtEnrollment: 68, gender: "M", previousProgrammingExperience=true},{courseCode: "PYMC", engagementType: "Lecture 8", enrollmentMonth: 9, enrollmentYear: 2023}
101,{countryCode: "CN", enrolledMonth: 7, enrolledYear: 2015, ageAtEnrollment: 23, gender: "U", previousProgrammingExperience=true},{courseCode: "JMC", engagementType: "Lecture 14", enrollmentMonth: 7, enrollmentYear: 2015}
101,{countryCode: "CN", enrolledMonth: 7, enrolledYear: 2015, ageAtEnrollment: 23, gender: "U", previousProgrammingExperience=true},{courseCode: "PYMC", engagementType: "Lecture 10", enrollmentMonth: 7, enrollmentYear: 2015}
102,{countryCode: "US", enrolledMonth: 5, enrolledYear: 2021, ageAtEnrollment: 48, gender: "F", previousProgrammingExperience=true},{courseCode: "JMC", engagementType: "Lecture 12", enrollmentMonth: 5, enrollmentYear: 2021}
102,{countryCode: "US", enrolledMonth: 5, enrolledYear: 2021, ageAtEnrollment: 48, gender: "F", previousProgrammingExperience=true},{courseCode: "PYMC", engagementType: "Lecture 5", enrollmentMonth: 5, enrollmentYear: 2021}
103,{countryCode: "AU", enrolledMonth: 10, enrolledYear: 2019, ageAtEnrollment: 19, gender: "U", previousProgrammingExperience=false},{courseCode: "JMC", engagementType: "Lecture 13", enrollmentMonth: 10, enrollmentYear: 2019}
103,{countryCode: "AU", enrolledMonth: 10, enrolledYear: 2019, ageAtEnrollment: 19, gender: "U", previousProgrammingExperience=false},{courseCode: "PYMC", engagementType: "Lecture 12", enrollmentMonth: 10, enrollmentYear: 2019}
104,{countryCode: "US", enrolledMonth: 1, enrolledYear: 2022, ageAtEnrollment: 73, gender: "U", previousProgrammingExperience=true},{courseCode: "JMC", engagementType: "Lecture 3", enrollmentMonth: 1, enrollmentYear: 2022}
104,{countryCode: "US", enrolledMonth: 1, enrolledYear: 2022, ageAtEnrollment: 73, gender: "U", previousProgrammingExperience=true},{courseCode: "PYMC", engagementType: "Lecture 1", enrollmentMonth: 1, enrollmentYear: 2022}
105,{countryCode: "AU", enrolledMonth: 6, enrolledYear: 2022, ageAtEnrollment: 51, gender: "M", previousProgrammingExperience=true},{courseCode: "JMC", engagementType: "Lecture 3", enrollmentMonth: 6, enrollmentYear: 2022}
105,{countryCode: "AU", enrolledMonth: 6, enrolledYear: 2022, ageAtEnrollment: 51, gender: "M", previousProgrammingExperience=true},{courseCode: "PYMC", engagementType: "Lecture 1", enrollmentMonth: 6, enrollmentYear: 2022}
106,{countryCode: "IN", enrolledMonth: 1, enrolledYear: 2020, ageAtEnrollment: 21, gender: "M", previousProgrammingExperience=false},{courseCode: "JMC", engagementType: "Lecture 2", enrollmentMonth: 1, enrollmentYear: 2020}
106,{countryCode: "IN", enrolledMonth: 1, enrolledYear: 2020, ageAtEnrollment: 21, gender: "M", previousProgrammingExperience=false},{courseCode: "PYMC", engagementType: "Lecture 11", enrollmentMonth: 1, enrollmentYear: 2020}
107,{countryCode: "US", enrolledMonth: 6, enrolledYear: 2016, ageAtEnrollment: 56, gender: "U", previousProgrammingExperience=false},{courseCode: "JMC", engagementType: "Lecture 13", enrollmentMonth: 6, enrollmentYear: 2016}
107,{countryCode: "US", enrolledMonth: 6, enrolledYear: 2016, ageAtEnrollment: 56, gender: "U", previousProgrammingExperience=false},{courseCode: "PYMC", engagementType: "Lecture 7", enrollmentMonth: 6, enrollmentYear: 2016}
108,{countryCode: "US", enrolledMonth: 8, enrolledYear: 2022, ageAtEnrollment: 48, gender: "F", previousProgrammingExperience=true},{courseCode: "JMC", engagementType: "Lecture 4", enrollmentMonth: 8, enrollmentYear: 2022}
108,{countryCode: "US", enrolledMonth: 8, enrolledYear: 2022, ageAtEnrollment: 48, gender: "F", previousProgrammingExperience=true},{courseCode: "PYMC", engagementType: "Lecture 7", enrollmentMonth: 8, enrollmentYear: 2022}
109,{countryCode: "CN", enrolledMonth: 6, enrolledYear: 2020, ageAtEnrollment: 89, gender: "U", previousProgrammingExperience=true},{courseCode: "JMC", engagementType: "Lecture 5", enrollmentMonth: 6, enrollmentYear: 2020}
109,{countryCode: "CN", enrolledMonth: 6, enrolledYear: 2020, ageAtEnrollment: 89, gender: "U", previousProgrammingExperience=true},{courseCode: "PYMC", engagementType: "Lecture 10", enrollmentMonth: 6, enrollmentYear: 2020}
110,{countryCode: "US", enrolledMonth: 6, enrolledYear: 2018, ageAtEnrollment: 57, gender: "U", previousProgrammingExperience=true},{courseCode: "JMC", engagementType: "Lecture 8", enrollmentMonth: 6, enrollmentYear: 2018}
110,{countryCode: "US", enrolledMonth: 6, enrolledYear: 2018, ageAtEnrollment: 57, gender: "U", previousProgrammingExperience=true},{courseCode: "PYMC", engagementType: "Lecture 13", enrollmentMonth: 6, enrollmentYear: 2018}
111,{countryCode: "CN", enrolledMonth: 7, enrolledYear: 2015, ageAtEnrollment: 44, gender: "F", previousProgrammingExperience=true},{courseCode: "JMC", engagementType: "Lecture 10", enrollmentMonth: 7, enrollmentYear: 2015}
111,{countryCode: "CN", enrolledMonth: 7, enrolledYear: 2015, ageAtEnrollment: 44, gender: "F", previousProgrammingExperience=true},{courseCode: "PYMC", engagementType: "Lecture 12", enrollmentMonth: 7, enrollmentYear: 2015}
112,{countryCode: "IN", enrolledMonth: 10, enrolledYear: 2021, ageAtEnrollment: 33, gender: "U", previousProgrammingExperience=false},{courseCode: "JMC", engagementType: "Lecture 1", enrollmentMonth: 10, enrollmentYear: 2021}
112,{countryCode: "IN", enrolledMonth: 10, enrolledYear: 2021, ageAtEnrollment: 33, gender: "U", previousProgrammingExperience=false},{courseCode: "PYMC", engagementType: "Lecture 6", enrollmentMonth: 10, enrollmentYear: 2021}
113,{countryCode: "GB", enrolledMonth: 12, enrolledYear: 2016, ageAtEnrollment: 50, gender: "U", previousProgrammingExperience=true},{courseCode: "JMC", engagementType: "Lecture 14", enrollmentMonth: 12, enrollmentYear: 2016}
113,{countryCode: "GB", enrolledMonth: 12, enrolledYear: 2016, ageAtEnrollment: 50, gender: "U", previousProgrammingExperience=true},{courseCode: "PYMC", engagementType: "Lecture 1", enrollmentMonth: 12, enrollmentYear: 2016}
114,{countryCode: "AU", enrolledMonth: 4, enrolledYear: 2022, ageAtEnrollment: 37, gender: "F", previousProgrammingExperience=true},{courseCode: "JMC", engagementType: "Lecture 8", enrollmentMonth: 4, enrollmentYear: 2022}
114,{countryCode: "AU", enrolledMonth: 4, enrolledYear: 2022, ageAtEnrollment: 37, gender: "F", previousProgrammingExperience=true},{courseCode: "PYMC", engagementType: "Lecture 8", enrollmentMonth: 4, enrollmentYear: 2022}
115,{countryCode: "AU", enrolledMonth: 10, enrolledYear: 2018, ageAtEnrollment: 57, gender: "F", previousProgrammingExperience=false},{courseCode: "JMC", engagementType: "Lecture 10", enrollmentMonth: 10, enrollmentYear: 2018}
115,{countryCode: "AU", enrolledMonth: 10, enrolledYear: 2018, ageAtEnrollment: 57, gender: "F", previousProgrammingExperience=false},{courseCode: "PYMC", engagementType: "Lecture 13", enrollmentMonth: 10, enrollmentYear: 2018}
116,{countryCode: "CN", enrolledMonth: 8, enrolledYear: 2017, ageAtEnrollment: 44, gender: "F", previousProgrammingExperience=false},{courseCode: "JMC", engagementType: "Lecture 5", enrollmentMonth: 8, enrollmentYear: 2017}
116,{countryCode: "CN", enrolledMonth: 8, enrolledYear: 2017, ageAtEnrollment: 44, gender: "F", previousProgrammingExperience=false},{courseCode: "PYMC", engagementType: "Lecture 13", enrollmentMonth: 8, enrollmentYear: 2017}
117,{countryCode: "CN", enrolledMonth: 3, enrolledYear: 2016, ageAtEnrollment: 52, gender: "M", previousProgrammingExperience=false},{courseCode: "JMC", engagementType: "Lecture 8", enrollmentMonth: 3, enrollmentYear: 2016}
117,{countryCode: "CN", enrolledMonth: 3, enrolledYear: 2016, ageAtEnrollment: 52, gender: "M", previousProgrammingExperience=false},{courseCode: "PYMC", engagementType: "Lecture 7", enrollmentMonth: 3, enrollmentYear: 2016}
118,{countryCode: "AU", enrolledMonth: 6, enrolledYear: 2020, ageAtEnrollment: 79, gender: "F", previousProgrammingExperience=true},{courseCode: "JMC", engagementType: "Lecture 9", enrollmentMonth: 6, enrollmentYear: 2020}
118,{countryCode: "AU", enrolledMonth: 6, enrolledYear: 2020, ageAtEnrollment: 79, gender: "F", previousProgrammingExperience=true},{courseCode: "PYMC", engagementType: "Lecture 7", enrollmentMonth: 6, enrollmentYear: 2020}
119,{countryCode: "GB", enrolledMonth: 6, enrolledYear: 2023, ageAtEnrollment: 41, gender: "M", previousProgrammingExperience=false},{courseCode: "JMC", engagementType: "Lecture 8", enrollmentMonth: 6, enrollmentYear: 2023}
119,{countryCode: "GB", enrolledMonth: 6, enrolledYear: 2023, ageAtEnrollment: 41, gender: "M", previousProgrammingExperience=false},{courseCode: "PYMC", engagementType: "Lecture 4", enrollmentMonth: 6, enrollmentYear: 2023}
120,{countryCode: "AU", enrolledMonth: 3, enrolledYear: 2016, ageAtEnrollment: 55, gender: "M", previousProgrammingExperience=true},{courseCode: "JMC", engagementType: "Lecture 8", enrollmentMonth: 3, enrollmentYear: 2016}
120,{countryCode: "AU", enrolledMonth: 3, enrolledYear: 2016, ageAtEnrollment: 55, gender: "M", previousProgrammingExperience=true},{courseCode: "PYMC", engagementType: "Lecture 6", enrollmentMonth: 3, enrollmentYear: 2016}
121,{countryCode: "GB", enrolledMonth: 9, enrolledYear: 2016, ageAtEnrollment: 27, gender: "U", previousProgrammingExperience=true},{courseCode: "JMC", engagementType: "Lecture 2", enrollmentMonth: 9, enrollmentYear: 2016}
121,{countryCode: "GB", enrolledMonth: 9, enrolledYear: 2016, ageAtEnrollment: 27, gender: "U", previousProgrammingExperience=true},{courseCode: "PYMC", engagementType: "Lecture 5", enrollmentMonth: 9, enrollmentYear: 2016}
122,{countryCode: "IN", enrolledMonth: 9, enrolledYear: 2021, ageAtEnrollment: 58, gender: "U", previousProgrammingExperience=false},{courseCode: "JMC", engagementType: "Lecture 6", enrollmentMonth: 9, enrollmentYear: 2021}
122,{countryCode: "IN", enrolledMonth: 9, enrolledYear: 2021, ageAtEnrollment: 58, gender: "U", previousProgrammingExperience=false},{courseCode: "PYMC", engagementType: "Lecture 9", enrollmentMonth: 9, enrollmentYear: 2021}
123,{countryCode: "AU", enrolledMonth: 6, enrolledYear: 2023, ageAtEnrollment: 79, gender: "F", previousProgrammingExperience=false},{courseCode: "JMC", engagementType: "Lecture 4", enrollmentMonth: 6, enrollmentYear: 2023}
123,{countryCode: "AU", enrolledMonth: 6, enrolledYear: 2023, ageAtEnrollment: 79, gender: "F", previousProgrammingExperience=false},{courseCode: "PYMC", engagementType: "Lecture 7", enrollmentMonth: 6, enrollmentYear: 2023}
124,{countryCode: "IN", enrolledMonth: 1, enrolledYear: 2018, ageAtEnrollment: 37, gender: "U", previousProgrammingExperience=false},{courseCode: "JMC", engagementType: "Lecture 11", enrollmentMonth: 1, enrollmentYear: 2018}
124,{countryCode: "IN", enrolledMonth: 1, enrolledYear: 2018, ageAtEnrollment: 37, gender: "U", previousProgrammingExperience=false},{courseCode: "PYMC", engagementType: "Lecture 9", enrollmentMonth: 1, enrollmentYear: 2018}
125,{countryCode: "IN", enrolledMonth: 11, enrolledYear: 2019, ageAtEnrollment: 86, gender: "U", previousProgrammingExperience=true},{courseCode: "JMC", engagementType: "Lecture 1", enrollmentMonth: 11, enrollmentYear: 2019}
125,{countryCode: "IN", enrolledMonth: 11, enrolledYear: 2019, ageAtEnrollment: 86, gender: "U", previousProgrammingExperience=true},{courseCode: "PYMC", engagementType: "Lecture 4", enrollmentMonth: 11, enrollmentYear: 2019}
126,{countryCode: "CN", enrolledMonth: 8, enrolledYear: 2018, ageAtEnrollment: 83, gender: "U", previousProgrammingExperience=false},{courseCode: "JMC", engagementType: "Lecture 8", enrollmentMonth: 8, enrollmentYear: 2018}
126,{countryCode: "CN", enrolledMonth: 8, enrolledYear: 2018, ageAtEnrollment: 83, gender: "U", previousProgrammingExperience=false},{courseCode: "PYMC", engagementType: "Lecture 3", enrollmentMonth: 8, enrollmentYear: 2018}
127,{countryCode: "US", enrolledMonth: 6, enrolledYear: 2018, ageAtEnrollment: 58, gender: "U", previousProgrammingExperience=true},{courseCode: "JMC", engagementType: "Lecture 6", enrollmentMonth: 6, enrollmentYear: 2018}
127,{countryCode: "US", enrolledMonth: 6, enrolledYear: 2018, ageAtEnrollment: 58, gender: "U", previousProgrammingExperience=true},{courseCode: "PYMC", engagementType: "Lecture 14", enrollmentMonth: 6, enrollmentYear: 2018}
128,{countryCode: "GB", enrolledMonth: 6, enrolledYear: 2016, ageAtEnrollment: 72, gender: "F", previousProgrammingExperience=false},{courseCode: "JMC", engagementType: "Lecture 12", enrollmentMonth: 6, enrollmentYear: 2016}
128,{countryCode: "GB", enrolledMonth: 6, enrolledYear: 2016, ageAtEnrollment: 72, gender: "F", previousProgrammingExperience=false},{courseCode: "PYMC", engagementType: "Lecture 11", enrollmentMonth: 6, enrollmentYear: 2016}
129,{countryCode: "CN", enrolledMonth: 12, enrolledYear: 2020, ageAtEnrollment: 19, gender: "U", previousProgrammingExperience=false},{courseCode: "JMC", engagementType: "Lecture 12", enrollmentMonth: 12, enrollmentYear: 2020}
129,{countryCode: "CN", enrolledMonth: 12, enrolledYear: 2020, ageAtEnrollment: 19, gender: "U", previousProgrammingExperience=false},{courseCode: "PYMC", engagementType: "Lecture 1", enrollmentMonth: 12, enrollmentYear: 2020}
130,{countryCode: "AU", enrolledMonth: 8, enrolledYear: 2020, ageAtEnrollment: 27, gender: "M", previousProgrammingExperience=true},{courseCode: "JMC", engagementType: "Lecture 11", enrollmentMonth: 8, enrollmentYear: 2020}
130,{countryCode: "AU", enrolledMonth: 8, enrolledYear: 2020, ageAtEnrollment: 27, gender: "M", previousProgrammingExperience=true},{courseCode: "PYMC", engagementType: "Lecture 13", enrollmentMonth: 8, enrollmentYear: 2020}
131,{countryCode: "GB", enrolledMonth: 3, enrolledYear: 2017, ageAtEnrollment: 73, gender: "F", previousProgrammingExperience=false},{courseCode: "JMC", engagementType: "Lecture 1", enrollmentMonth: 3, enrollmentYear: 2017}
131,{countryCode: "GB", enrolledMonth: 3, enrolledYear: 2017, ageAtEnrollment: 73, gender: "F", previousProgrammingExperience=false},{courseCode: "PYMC", engagementType: "Lecture 12", enrollmentMonth: 3, enrollmentYear: 2017}
132,{countryCode: "GB", enrolledMonth: 8, enrolledYear: 2019, ageAtEnrollment: 22, gender: "M", previousProgrammingExperience=false},{courseCode: "JMC", engagementType: "Lecture 10", enrollmentMonth: 8, enrollmentYear: 2019}
132,{countryCode: "GB", enrolledMonth: 8, enrolledYear: 2019, ageAtEnrollment: 22, gender: "M", previousProgrammingExperience=false},{courseCode: "PYMC", engagementType: "Lecture 8", enrollmentMonth: 8, enrollmentYear: 2019}
133,{countryCode: "AU", enrolledMonth: 12, enrolledYear: 2019, ageAtEnrollment: 66, gender: "F", previousProgrammingExperience=true},{courseCode: "JMC", engagementType: "Lecture 11", enrollmentMonth: 12, enrollmentYear: 2019}
133,{countryCode: "AU", enrolledMonth: 12, enrolledYear: 2019, ageAtEnrollment: 66, gender: "F", previousProgrammingExperience=true},{courseCode: "PYMC", engagementType: "Lecture 1", enrollmentMonth: 12, enrollmentYear: 2019}
134,{countryCode: "IN", enrolledMonth: 7, enrolledYear: 2016, ageAtEnrollment: 44, gender: "M", previousProgrammingExperience=true},{courseCode: "JMC", engagementType: "Lecture 1", enrollmentMonth: 7, enrollmentYear: 2016}
134,{countryCode: "IN", enrolledMonth: 7, enrolledYear: 2016, ageAtEnrollment: 44, gender: "M", previousProgrammingExperience=true},{courseCode: "PYMC", engagementType: "Lecture 11", enrollmentMonth: 7, enrollmentYear: 2016}
135,{countryCode: "CN", enrolledMonth: 11, enrolledYear: 2015, ageAtEnrollment: 24, gender: "F", previousProgrammingExperience=false},{courseCode: "JMC", engagementType: "Lecture 3", enrollmentMonth: 11, enrollmentYear: 2015}
135,{countryCode: "CN", enrolledMonth: 11, enrolledYear: 2015, ageAtEnrollment: 24, gender: "F", previousProgrammingExperience=false},{courseCode: "PYMC", engagementType: "Lecture 14", enrollmentMonth: 11, enrollmentYear: 2015}
